Workbook

Sheet Лист7
A1: наименование | B1: Менеджер | C1: Схема продажи | D1: ЕДИНЫЙ АРТИКУЛ | E1: Кратность на паллете | F1: Артикул МФП | G1: WB МФП | H1: WB ЛЕТТА | I1: WB МАЙЛЕТТА | J1: WB Емебель | K1: Артикул OZON МФП | L1: FBO OZON SKU ID МФП | M1: FBS OZON SKU ID МФП | N1: Артикул OZON ЛЕТТА | O1: FBO OZON SKU ID ЛЕТТА | P1: FBS OZON SKU ID ЛЕТТА | Q1: Артикул OZON МАЙЛЕТТА | R1: FBO OZON SKU ID МАЙЛЕТТА | S1: FBS OZON SKU ID МАЙЛЕТТА | T1: Артикул OZON ЕМебель | U1: FBO OZON SKU ID ЕМебель | V1: FBS OZON SKU ID Емебель | W1: Яндексмаркет МФП | X1: Яндексмаркет ЛЕТТА | Y1: СБЕРМЕГАМАРКЕТ | AA1: Статус позиции | AB1: Категория | AC1: ЕДИНЫЙ АРТИКУЛ | AD1: Схема продажи
A2: ВЕШАЛКИ | B2: Кошкарева | AA2: =IFERROR(VLOOKUP(D:D,[1]Габариты!$A:$I,9,0),"") | AB2: =IFERROR(VLOOKUP(D:D,[1]Габариты!$A:$D,4,0),"")
A3: Вешалка выкатная Ultra с полками Белое тиснение | C3: FBS | D3: 3153 | E3: 19 | F3: 3153 | G3: 4660041004663 | H3: 2521897952400 | I3: 3521897952400 | J3: 5000897952636 | K3: 03153 | L3: 387822438 | M3: 387822438 | N3: L3153 | O3: 379766050 | P3: 379766049 | Q3: ML3153 | R3: 379871679 | S3: 379871680 | W3: 03153 | X3: L3153 | Y3: 3153 | AA3: =IFERROR(VLOOKUP(D:D,[1]Габариты!$A:$I,9,0),"") -> Основной ассортимент | AB3: =IFERROR(VLOOKUP(D:D,[1]Габариты!$A:$D,4,0),"") -> ВЕШАЛКИ | AC3: =D3 -> 3153 | AD3: =C3 -> FBS
A4: Вешалка выкатная Ultra с полками Дуб Сонома 786х1463(h)х250 | C4: FBS | D4: 3355 | E4: 19 | F4: 3355 | G4: 4660041005301 | H4: 2521897952528 | I4: 3521897952650 | J4: 5000897952643 | K4: 03355 | L4: 1842339541 | M4: 1842339541 | N4: L3355 | O4: 518641075 | P4: 518641077 | W4: 03355 | X4: L3355 | Y4: 3355 | AA4: =IFERROR(VLOOKUP(D:D,[1]Габариты!$A:$I,9,0),"") -> Основной ассортимент | AB4: =IFERROR(VLOOKUP(D:D,[1]Габариты!$A:$D,4,0),"") -> ВЕШАЛКИ | AC4: =D4 -> 3355 | AD4: =C4 -> FBS
A5: Вешалка выкатная Ultra с полками Черная 786х1463(h)х250 | C5: FBS | D5: 3356 | E5: 19 | F5: 3356 | G5: 4660041005318 | H5: 2521897952530 | I5: 3521897952530 | J5: 5000897952644 | K5: 03356 | L5: 1431518467 | M5: 1431518467 | N5: L3356 | O5: 520590680 | P5: 520590677 | W5: 03356 | X5: L3356 | Y5: 3356 | AA5: =IFERROR(VLOOKUP(D:D,[1]Габариты!$A:$I,9,0),"") -> Основной ассортимент | AB5: =IFERROR(VLOOKUP(D:D,[1]Габариты!$A:$D,4,0),"") -> ВЕШАЛКИ | AC5: =D5 -> 3356 | AD5: =C5 -> FBS
A6: Вешалка настенная Ультра Белое тиснение 0,600 х1,050х0,282 | C6: FBS | D6: 30361 | E6: 34 | H6: 2521897952567 | J6: 5520897927564 | N6: L30361 | O6: 608852540 | P6: 608852539 | T6: E30361 | U6: 1341121105 | V6: 1341121105 | X6: L30361 | Y6: 30361 | AA6: =IFERROR(VLOOKUP(D:D,[1]Габариты!$A:$I,9,0),"") -> Основной ассортимент | AB6: =IFERROR(VLOOKUP(D:D,[1]Габариты!$A:$D,4,0),"") -> ВЕШАЛКИ | AC6: =D6 -> 30361 | AD6: =C6 -> FBS
A7: Вешалка настенная Ультра Дуб сонома 0,600 х1,050х0,282 | C7: FBS | D7: 30362 | E7: 34 | H7: 2521897952568 | J7: 5520897927565 | N7: L30362 | O7: 617937053 | P7: 617937054 | T7: E30362 | U7: 1341126586 | V7: 1341126586 | X7: L30362 | Y7: 30362 | AA7: =IFERROR(VLOOKUP(D:D,[1]Габариты!$A:$I,9,0),"") -> Основной ассортимент | AB7: =IFERROR(VLOOKUP(D:D,[1]Габариты!$A:$D,4,0),"") -> ВЕШАЛКИ | AC7: =D7 -> 30362 | AD7: =C7 -> FBS
A8: Вешалка настенная Ультра Венге 0,600 х1,050х0,282 | C8: FBS | D8: 30363 | E8: 34 | H8: 2521897952569 | J8: 5520897927386 | N8: L30363 | O8: 617987616 | P8: 617987620 | T8: E30363 | U8: 1341136272 | V8: 1341136272 | X8: L30363 | Y8: 30363 | AA8: =IFERROR(VLOOKUP(D:D,[1]Габариты!$A:$I,9,0),"") -> Основной ассортимент | AB8: =IFERROR(VLOOKUP(D:D,[1]Габариты!$A:$D,4,0),"") -> ВЕШАЛКИ | AC8: =D8 -> 30363 | AD8: =C8 -> FBS
A9: Вешалка Милан настенная Белое тиснение | C9: FBO | D9: 30364 | E9: 56 | H9: 2521897953028 | I9: 3521897952663 | J9: 5520897927431 | N9: L30364 | O9: 983504437 | P9: 983504436 | Q9: ML30364 | R9: 983929528 | S9: 983929527 | T9: E30364 | U9: 983897205 | V9: 983897205 | X9: L30364 | AA9: =IFERROR(VLOOKUP(D:D,[1]Габариты!$A:$I,9,0),"") -> Основной ассортимент | AB9: =IFERROR(VLOOKUP(D:D,[1]Габариты!$A:$D,4,0),"") -> ВЕШАЛКИ | AC9: =D9 -> 30364 | AD9: =C9 -> FBO
A10: Вешалка Милан настенная Крафт золотой/графит | C10: FBO | D10: 30365 | E10: 56 | H10: 2521897953029 | I10: 3521897952664 | J10: 5520897927432 | N10: L30365 | O10: 983528480 | P10: 983528479 | Q10: ML30365 | R10: 983939704 | S10: 983939704 | T10: E30365 | U10: 983908029 | V10: 983908029 | X10: L30365 | Y10: 30365 | AA10: =IFERROR(VLOOKUP(D:D,[1]Габариты!$A:$I,9,0),"") -> Основной ассортимент | AB10: =IFERROR(VLOOKUP(D:D,[1]Габариты!$A:$D,4,0),"") -> ВЕШАЛКИ | AC10: =D10 -> 30365 | AD10: =C10 -> FBO
A11: Вешалка Милан настенная Крафт золотой/Белое тиснение | C11: FBO | D11: 30366 | E11: 56 | H11: 2521897953030 | I11: 3521897952665 | J11: 5520897927433 | N11: L30366 | O11: 983535347 | P11: 983535348 | Q11: ML30366 | R11: 983950283 | S11: 983950283 | T11: E30366 | U11: 983915077 | V11: 983915077 | X11: L30366 | Y11: 30366 | AA11: =IFERROR(VLOOKUP(D:D,[1]Габариты!$A:$I,9,0),"") -> Основной ассортимент | AB11: =IFERROR(VLOOKUP(D:D,[1]Габариты!$A:$D,4,0),"") -> ВЕШАЛКИ | AC11: =D11 -> 30366 | AD11: =C11 -> FBO
A12: Вешалка Милан настенная Бетон/Белое тиснение | C12: FBO | D12: 30367 | E12: 56 | H12: 2521897953031 | I12: 3521897952666 | J12: 5520897927434 | N12: L30367 | O12: 983544102 | P12: 983544103 | Q12: ML30367 | R12: 983961580 | S12: 983961579 | T12: E30367 | U12: 983920551 | V12: 983920551 | X12: L30367 | Y12: 30367 | AA12: =IFERROR(VLOOKUP(D:D,[1]Габариты!$A:$I,9,0),"") -> Основной ассортимент | AB12: =IFERROR(VLOOKUP(D:D,[1]Габариты!$A:$D,4,0),"") -> ВЕШАЛКИ | AC12: =D12 -> 30367 | AD12: =C12 -> FBO
A13: Вешалка Милан настенная Крафт табачный | C13: FBO | D13: 30368 | E13: 56 | H13: 2521897953057 | I13: 3521897952683 | J13: 5520897927484 | N13: L30368 | O13: 1004344667 | P13: 1004344666 | Q13: ML30368 | R13: 1020335184 | S13: 1020335184 | T13: E30368 | U13: 1020289773 | V13: 1020289773 | X13: L30368 | AA13: =IFERROR(VLOOKUP(D:D,[1]Габариты!$A:$I,9,0),"") -> Основной ассортимент | AB13: =IFERROR(VLOOKUP(D:D,[1]Габариты!$A:$D,4,0),"") -> ВЕШАЛКИ | AC13: =D13 -> 30368 | AD13: =C13 -> FBO
A14: Вешалка Frame ЛДСП Дуб Вотан, Черн. металл. 802х1750(h)х278 | C14: FBS | D14: MK1370101 | E14: 26 | F14: МК.137.01.01 | G14: 4660041006902 | H14: 2521897952732 | J14: 5000897952642 | K14: МК.137.01.01 | L14: 1361820562 | M14: 1361820562 | N14: LMK1370101 | O14: 733280296 | P14: 733280297 | X14: LMK1370101 | AA14: =IFERROR(VLOOKUP(D:D,[1]Габариты!$A:$I,9,0),"") -> Основной ассортимент | AB14: =IFERROR(VLOOKUP(D:D,[1]Габариты!$A:$D,4,0),"") -> ВЕШАЛКИ | AC14: =D14 -> MK1370101 | AD14: =C14 -> FBS
A15: Вешалка Frame ЛДСП Белое тиснение, Черн. металл. 802х1750(h)х278 | C15: FBS | D15: MK1370201 | E15: 26 | F15: МК.137.02.01 | G15: 4660041006919 | H15: 2521897952733 | K15: МК.137.02.01 | L15: 1378174624 | M15: 1378174624 | N15: LMK1370201 | X15: LMK1370201 | AA15: =IFERROR(VLOOKUP(D:D,[1]Габариты!$A:$I,9,0),"") -> Основной ассортимент | AB15: =IFERROR(VLOOKUP(D:D,[1]Габариты!$A:$D,4,0),"") -> ВЕШАЛКИ | AC15: =D15 -> MK1370201 | AD15: =C15 -> FBS
A16: Вешалка угловая Frame ЛДСП Дуб Вотан, Черн. металл. 490х1808(h)х490 | C16: FBO | D16: MK2170101 | E16: 26 | F16: МК.217.01.01 | G16: 4660041008296 | H16: 4660041008296 | K16: МК.217.01.01 | L16: 1284359767 | M16: 1284359767 | N16: LMK2170101 | X16: LMK2170101 | AA16: =IFERROR(VLOOKUP(D:D,[1]Габариты!$A:$I,9,0),"") -> Основной ассортимент | AB16: =IFERROR(VLOOKUP(D:D,[1]Габариты!$A:$D,4,0),"") -> ВЕШАЛКИ | AC16: =D16 -> MK2170101 | AD16: =C16 -> FBO
A17: Вешалка Frame Lite ЛДСП Дуб Вотан, Черн. металл. 780х1750(h)х278 | C17: FBO | D17: MK2470101 | E17: 36 | F17: МК.247.01.01 | G17: 4660041009354 | H17: 4660041009354 | K17: МК.247.01.01 | L17: 1316850035 | M17: 1316850035 | N17: LMK2470101 | O17: 1849368561 | P17: 1849368561 | X17: LMK2470101 | AA17: =IFERROR(VLOOKUP(D:D,[1]Габариты!$A:$I,9,0),"") -> Основной ассортимент | AB17: =IFERROR(VLOOKUP(D:D,[1]Габариты!$A:$D,4,0),"") -> ВЕШАЛКИ | AC17: =D17 -> MK2470101 | AD17: =C17 -> FBO
A18: ВЕШАЛКИ | B18: Перепечаева | AA18: =IFERROR(VLOOKUP(D:D,[1]Габариты!$A:$I,9,0),"") | AB18: =IFERROR(VLOOKUP(D:D,[1]Габариты!$A:$D,4,0),"")
A19: Вешалка в прихожую Frame с зеркалом ЛДСП Дуб Вотан, Черн.металл. 820х1813(h)х350 | C19: СКГТ (ОЗОН) | D19: MK2180101 | E19: 15 | F19: МК.218.01.01 | G19: 4660041009156 | H19: 4660041009156 | K19: МК.218.01.01 | L19: 1617713319 | M19: 1617713319 | N19: LMK2180101 | O19: 1906460228 | P19: 1906460228 | AA19: =IFERROR(VLOOKUP(D:D,[1]Габариты!$A:$I,9,0),"") -> Основной ассортимент | AB19: =IFERROR(VLOOKUP(D:D,[1]Габариты!$A:$D,4,0),"") -> ВЕШАЛКИ | AC19: =D19 -> MK2180101 | AD19: =C19 -> СКГТ (ОЗОН)
A20: Система хранения Frame №1 ЛДСП Цемент темный молет, Черн. металл.1140х1808(h)х404 | C20: СКГТ | D20: MK1612501 | E20: 10 | F20: МК.161.25.01 | G20: 4640219956536 | H20: 2521897953563 | K20: МК.161.25.01 | L20: 1781379276 | M20: 1781379276 | N20: LMK1612501 | X20: LMK1612501 | AA20: =IFERROR(VLOOKUP(D:D,[1]Габариты!$A:$I,9,0),"") -> Вакансия | AB20: =IFERROR(VLOOKUP(D:D,[1]Габариты!$A:$D,4,0),"") -> ВЕШАЛКИ | AC20: =D20 -> MK1612501 | AD20: =C20 -> СКГТ
A21: Система хранения Frame №2 ЛДСП Дуб Вотан, Черн. металл, Ткань Strong 04 902х1808(h)х408 | C21: СКГТ | D21: MK167010121 | E21: 7 | F21: МК.167.01.01.21 | G21: 4640219950374 | K21: MK167010121 | L21: 1589045509 | M21: 1589045509 | AA21: =IFERROR(VLOOKUP(D:D,[1]Габариты!$A:$I,9,0),"") -> Основной ассортимент | AB21: =IFERROR(VLOOKUP(D:D,[1]Габариты!$A:$D,4,0),"") -> ВЕШАЛКИ | AC21: =D21 -> MK167010121 | AD21: =C21 -> СКГТ
A22: Система хранения Tokyo №1 ЛДСП Дуб Вотан, Черн.металл | C22: FBO | D22: MK1690101 | E22: 10 | F22: МК.169.01.01 | G22: 4660041008302 | H22: 4660041008302 | K22: МК.169.01.01 | L22: 1284552089 | M22: 1284552089 | N22: LMK1690101 | O22: 1911237641 | P22: 1911237641 | X22: LMK1690101 | AA22: =IFERROR(VLOOKUP(D:D,[1]Габариты!$A:$I,9,0),"") -> Основной ассортимент | AB22: =IFERROR(VLOOKUP(D:D,[1]Габариты!$A:$D,4,0),"") -> ВЕШАЛКИ | AC22: =D22 -> MK1690101 | AD22: =C22 -> FBO
A23: КОМОДЫ | B23: Платонова | AA23: =IFERROR(VLOOKUP(D:D,[1]Габариты!$A:$I,9,0),"") | AB23: =IFERROR(VLOOKUP(D:D,[1]Габариты!$A:$D,4,0),"")
A24: Комод City New 6 ящиков Белое тиснение 1400*827*394 | C24: СКГТ (ОЗОН) | D24: 3750 | E24: 8 | F24: 3750 | G24: 4640219955409 | H24: 2521897953253 | J24: 5520897927609 | K24: 03750 | L24: 1841667736 | M24: 1841667736 | N24: L3750 | O24: 1463663376 | P24: 1463663376 | X24: L3750 | AA24: =IFERROR(VLOOKUP(D:D,[1]Габариты!$A:$I,9,0),"") -> Основной ассортимент | AB24: =IFERROR(VLOOKUP(D:D,[1]Габариты!$A:$D,4,0),"") -> КОМОДЫ | AC24: =D24 -> 3750 | AD24: =C24 -> СКГТ (ОЗОН)
A25: Комод City New 6 ящиков Дуб Вотан 1402*827*394 | C25: СКГТ (ОЗОН) | D25: 3750.01/01 | E25: 8 | F25: 03750.01/01 | G25: 4640219955560 | H25: 2521897953489 | K25: 03750.01/01 | L25: 1525323206 | M25: 1525323206 | N25: L3750.01/01 | O25: 1763863520 | P25: 1763863520 | X25: L3750.01/01 | AA25: =IFERROR(VLOOKUP(D:D,[1]Габариты!$A:$I,9,0),"") -> Основной ассортимент | AB25: =IFERROR(VLOOKUP(D:D,[1]Габариты!$A:$D,4,0),"") -> КОМОДЫ | AC25: =D25 -> 3750.01/01 | AD25: =C25 -> СКГТ (ОЗОН)
A26: Комод City New 6 ящиков Дуб сонома 1400*827*394 | C26: СКГТ (ОЗОН) | D26: 3750.03/01 | E26: 8 | F26: 03750.03/01 | G26: 4640219956369 | H26: 2521897953309 | K26: 03750.03/01 | L26: 1841646924 | M26: 1841646924 | N26: L3750.03/01 | O26: 1552181842 | P26: 1552181842 | X26: L3750.03/01 | Y26: 3750.03/01 | AA26: =IFERROR(VLOOKUP(D:D,[1]Габариты!$A:$I,9,0),"") -> Основной ассортимент | AB26: =IFERROR(VLOOKUP(D:D,[1]Габариты!$A:$D,4,0),"") -> КОМОДЫ | AC26: =D26 -> 3750.03/01 | AD26: =C26 -> СКГТ (ОЗОН)
A27: Комод City New 6 ящиков Дуб Крафт золотой 1402х827(h)х394 | C27: СКГТ (ОЗОН) | D27: 3750.05/01 | E27: 8 | F27: 03750.05/01 | G27: 4640219955539 | H27: 2521897953562 | K27: 03750.05/01 | L27: 1781379288 | M27: 1781379288 | N27: L3750.05/01 | O27: 1731338296 | P27: 1731338296 | X27: L3750.05/01 | AA27: =IFERROR(VLOOKUP(D:D,[1]Габариты!$A:$I,9,0),"") -> Основной ассортимент | AB27: =IFERROR(VLOOKUP(D:D,[1]Габариты!$A:$D,4,0),"") -> КОМОДЫ | AC27: =D27 -> 3750.05/01 | AD27: =C27 -> СКГТ (ОЗОН)
A28: Комод City New 6 ящиков Графит 1400*827*394 | C28: СКГТ (ОЗОН) | D28: 3750.09/01 | E28: 8 | F28: 03750.09/01 | G28: 4640219955522 | H28: 2521897953308 | K28: 03750.09/01 | L28: 1559844522 | M28: 1559844522 | N28: L3750.09/01 | O28: 1546032780 | P28: 1546032780 | X28: L3750.09/01 | Y28: 3750.09/01 | AA28: =IFERROR(VLOOKUP(D:D,[1]Габариты!$A:$I,9,0),"") -> Основной ассортимент | AB28: =IFERROR(VLOOKUP(D:D,[1]Габариты!$A:$D,4,0),"") -> КОМОДЫ | AC28: =D28 -> 3750.09/01 | AD28: =C28 -> СКГТ (ОЗОН)
A29: Комод Веста Графит 757х346х600 | C29: FBO | D29: 41101 | E29: 18 | H29: 2521897953190 | J29: 5520897927638 | N29: L41101 | O29: 1410736304 | P29: 1410736304 | T29: E41101 | U29: 1608606050 | V29: 1608606050 | X29: L41101 | AA29: =IFERROR(VLOOKUP(D:D,[1]Габариты!$A:$I,9,0),"") -> Основной ассортимент | AB29: =IFERROR(VLOOKUP(D:D,[1]Габариты!$A:$D,4,0),"") -> КОМОДЫ | AC29: =D29 -> 41101 | AD29: =C29 -> FBO
A30: Комод Веста Дуб сонома 757х346х600 | C30: FBO | D30: 41103 | E30: 18 | H30: 2521897953192 | J30: 5520897927639 | N30: L41103 | O30: 1413558701 | P30: 1413558701 | T30: E41103 | U30: 1608611824 | V30: 1608611824 | X30: L41103 | AA30: =IFERROR(VLOOKUP(D:D,[1]Габариты!$A:$I,9,0),"") -> Основной ассортимент | AB30: =IFERROR(VLOOKUP(D:D,[1]Габариты!$A:$D,4,0),"") -> КОМОДЫ | AC30: =D30 -> 41103 | AD30: =C30 -> FBO
A31: Комод Веста Дуб сонома/белое тиснение 757х346х600 | C31: FBO | D31: 41104 | E31: 18 | H31: 2521897953193 | J31: 5520897927640 | N31: L41104 | O31: 1413581472 | P31: 1413581472 | T31: E41104 | U31: 1608623053 | V31: 1608623053 | X31: L41104 | AA31: =IFERROR(VLOOKUP(D:D,[1]Габариты!$A:$I,9,0),"") -> Основной ассортимент | AB31: =IFERROR(VLOOKUP(D:D,[1]Габариты!$A:$D,4,0),"") -> КОМОДЫ | AC31: =D31 -> 41104 | AD31: =C31 -> FBO
A32: Комод Веста Венге 757х346х600 | C32: FBO | D32: 41105 | E32: 18 | H32: 2521897953194 | J32: 5520897927641 | N32: L41105 | O32: 1417302190 | P32: 1417302190 | T32: E41105 | U32: 1608632247 | V32: 1608632247 | X32: L41105 | AA32: =IFERROR(VLOOKUP(D:D,[1]Габариты!$A:$I,9,0),"") -> Основной ассортимент | AB32: =IFERROR(VLOOKUP(D:D,[1]Габариты!$A:$D,4,0),"") -> КОМОДЫ | AC32: =D32 -> 41105 | AD32: =C32 -> FBO
A33: Комод Веста Lite Белое тиснение 782х599х294 | C33: FBO | D33: 4114 | E33: 27 | H33: 2521897952982 | I33: 3521897952901 | J33: 5520897927504 | N33: L4114 | O33: 989102420 | P33: 989102419 | Q33: ML4114 | R33: 1052860791 | S33: 1052860790 | T33: E4114 | U33: 1052847785 | V33: 1052847785 | X33: L4114 | Y33: 4114 | AA33: =IFERROR(VLOOKUP(D:D,[1]Габариты!$A:$I,9,0),"") -> Основной ассортимент | AB33: =IFERROR(VLOOKUP(D:D,[1]Габариты!$A:$D,4,0),"") -> КОМОДЫ | AC33: =D33 -> 4114 | AD33: =C33 -> FBO
A34: Комод Веста Lite Графит 782х599х294 | C34: FBO | D34: 41141 | E34: 27 | H34: 2521897953183 | J34: 5520897927633 | N34: L41141 | O34: 1416718953 | P34: 1416718953 | T34: E41141 | U34: 1597560045 | V34: 1597560045 | X34: L41141 | AA34: =IFERROR(VLOOKUP(D:D,[1]Габариты!$A:$I,9,0),"") -> Основной ассортимент | AB34: =IFERROR(VLOOKUP(D:D,[1]Габариты!$A:$D,4,0),"") -> КОМОДЫ | AC34: =D34 -> 41141 | AD34: =C34 -> FBO
A35: Комод Веста Lite Дуб сонома 782х599х294 | C35: FBO | D35: 41143 | E35: 27 | H35: 2521897953185 | J35: 5520897927635 | N35: L41143 | O35: 1416722338 | P35: 1416722338 | T35: E41143 | U35: 1597591181 | V35: 1597591181 | X35: L41143 | AA35: =IFERROR(VLOOKUP(D:D,[1]Габариты!$A:$I,9,0),"") -> Основной ассортимент | AB35: =IFERROR(VLOOKUP(D:D,[1]Габариты!$A:$D,4,0),"") -> КОМОДЫ | AC35: =D35 -> 41143 | AD35: =C35 -> FBO
A36: Комод Веста Lite Дуб сонома/белое тиснение 782х599х294 | C36: FBO | D36: 41144 | E36: 27 | H36: 2521897953186 | J36: 5520897927636 | N36: L41144 | O36: 1416729517 | P36: 1416729517 | T36: E41144 | U36: 1597594093 | V36: 1597594093 | X36: L41144 | AA36: =IFERROR(VLOOKUP(D:D,[1]Габариты!$A:$I,9,0),"") -> Основной ассортимент | AB36: =IFERROR(VLOOKUP(D:D,[1]Габариты!$A:$D,4,0),"") -> КОМОДЫ | AC36: =D36 -> 41144 | AD36: =C36 -> FBO
A37: Комод Веста Lite Венге 782х599х294 | C37: FBO | D37: 41145 | E37: 27 | H37: 2521897953187 | J37: 5520897927637 | N37: L41145 | O37: 1416731164 | P37: 1416731164 | T37: E41145 | U37: 1597597442 | V37: 1597597442 | X37: L41145 | AA37: =IFERROR(VLOOKUP(D:D,[1]Габариты!$A:$I,9,0),"") -> Основной ассортимент | AB37: =IFERROR(VLOOKUP(D:D,[1]Габариты!$A:$D,4,0),"") -> КОМОДЫ | AC37: =D37 -> 41145 | AD37: =C37 -> FBO
A38: Комод Индиго (620х790х330) Белое тиснение | C38: FBO | D38: 4040 | E38: 23 | H38: 2521897953003 | I38: 3521897952659 | J38: 5520897927440 | N38: L4040 | O38: 985855939 | P38: 985855938 | Q38: ML4040 | R38: 985863116 | S38: 985863115 | T38: E4040 | U38: 985858458 | V38: 985858458 | X38: L4040 | AA38: =IFERROR(VLOOKUP(D:D,[1]Габариты!$A:$I,9,0),"") -> Основной ассортимент | AB38: =IFERROR(VLOOKUP(D:D,[1]Габариты!$A:$D,4,0),"") -> КОМОДЫ | AC38: =D38 -> 4040 | AD38: =C38 -> FBO
A39: Комод Индиго Бетон светлый | C39: FBO | D39: 4041 | E39: 23 | H39: 2521897953004 | J39: 5520897927527 | N39: L4041 | O39: 1103006728 | P39: 1103006727 | T39: E4041 | U39: 1597532535 | V39: 1597532535 | X39: L4041 | AA39: =IFERROR(VLOOKUP(D:D,[1]Габариты!$A:$I,9,0),"") -> Основной ассортимент | AB39: =IFERROR(VLOOKUP(D:D,[1]Габариты!$A:$D,4,0),"") -> КОМОДЫ | AC39: =D39 -> 4041 | AD39: =C39 -> FBO
A40: Комод Индиго Дуб Крафт Золотой | C40: FBO | D40: 4042 | E40: 23 | H40: 2521897953005 | I40: 3521897953105 | J40: 5520897927528 | N40: L4042 | O40: 1103015578 | P40: 1103015581 | T40: E4042 | U40: 1597536850 | V40: 1597536850 | X40: L4042 | AA40: =IFERROR(VLOOKUP(D:D,[1]Габариты!$A:$I,9,0),"") -> Основной ассортимент | AB40: =IFERROR(VLOOKUP(D:D,[1]Габариты!$A:$D,4,0),"") -> КОМОДЫ | AC40: =D40 -> 4042 | AD40: =C40 -> FBO
A41: Комод Индиго Дуб Крафт белый | C41: FBO | D41: 4043 | E41: 23 | H41: 2521897953006 | J41: 5520897927529 | N41: L4043 | O41: 1103021868 | P41: 1103021869 | T41: E4043 | U41: 1597540254 | V41: 1597540254 | X41: L4043 | AA41: =IFERROR(VLOOKUP(D:D,[1]Габариты!$A:$I,9,0),"") -> Основной ассортимент | AB41: =IFERROR(VLOOKUP(D:D,[1]Габариты!$A:$D,4,0),"") -> КОМОДЫ | AC41: =D41 -> 4043 | AD41: =C41 -> FBO
A42: Комод Estet Белое теснение | C42: FBO | D42: 130130 | E42: 21 | H42: 2521897952943 | J42: 5520897927320 | N42: L130130 | O42: 881718304 | P42: 881718305 | T42: E130130 | U42: 955317392 | V42: 955317392 | X42: L130130 | Y42: 130130 | AA42: =IFERROR(VLOOKUP(D:D,[1]Габариты!$A:$I,9,0),"") -> Основной ассортимент | AB42: =IFERROR(VLOOKUP(D:D,[1]Габариты!$A:$D,4,0),"") -> КОМОДЫ | AC42: =D42 -> 130130 | AD42: =C42 -> FBO
A43: Комод Estet Бетон | C43: FBO | D43: 130131 | E43: 21 | H43: 2521897953112 | J43: 5520897927520 | N43: L130131 | O43: 1088916090 | P43: 1088916089 | T43: E130131 | U43: 1090912569 | V43: 1090912569 | X43: L130131 | AA43: =IFERROR(VLOOKUP(D:D,[1]Габариты!$A:$I,9,0),"") -> Основной ассортимент | AB43: =IFERROR(VLOOKUP(D:D,[1]Габариты!$A:$D,4,0),"") -> КОМОДЫ | AC43: =D43 -> 130131 | AD43: =C43 -> FBO
A44: Комод Estet Крафт белый | C44: FBO | D44: 130132 | E44: 21 | H44: 2521897953113 | J44: 5520897927521 | N44: L130132 | O44: 1087873876 | P44: 1087873875 | T44: E130132 | U44: 1090924348 | V44: 1090924348 | X44: L130132 | AA44: =IFERROR(VLOOKUP(D:D,[1]Габариты!$A:$I,9,0),"") -> Основной ассортимент | AB44: =IFERROR(VLOOKUP(D:D,[1]Габариты!$A:$D,4,0),"") -> КОМОДЫ | AC44: =D44 -> 130132 | AD44: =C44 -> FBO
A45: Комод Estet Крафт золотой | C45: FBO | D45: 130133 | E45: 21 | H45: 2521897953114 | J45: 5520897927522 | N45: L130133 | O45: 1089033447 | P45: 1089033442 | T45: E130133 | U45: 1090939513 | V45: 1090939513 | X45: L130133 | AA45: =IFERROR(VLOOKUP(D:D,[1]Габариты!$A:$I,9,0),"") -> Основной ассортимент | AB45: =IFERROR(VLOOKUP(D:D,[1]Габариты!$A:$D,4,0),"") -> КОМОДЫ | AC45: =D45 -> 130133 | AD45: =C45 -> FBO
A46: Комод City New универсальный Белое тиснение 1402*1083*394 | C46: СКГТ (ОЗОН) | D46: 3751 | E46: 8 | F46: 3751 | G46: 4640219951210 | H46: 2521897953228 | K46: 03751 | L46: 1327054904 | M46: 1327054904 | N46: L3751 | O46: 1463718987 | P46: 1463718987 | X46: L3751 | AA46: =IFERROR(VLOOKUP(D:D,[1]Габариты!$A:$I,9,0),"") -> Основной ассортимент | AB46: =IFERROR(VLOOKUP(D:D,[1]Габариты!$A:$D,4,0),"") -> КОМОДЫ | AC46: =D46 -> 3751 | AD46: =C46 -> СКГТ (ОЗОН)
A47: Комод City New универсальный Дуб Сонома 1402*1083*394 | C47: СКГТ (ОЗОН) | D47: 3751.03/01 | E47: 8 | F47: 03751.03/01 | G47: 4640219956369 | H47: 2521897953230 | K47: 03751.03/01 | L47: 1841890375 | M47: 1841890375 | N47: L3751.03/01 | O47: 1470622303 | P47: 1470622303 | X47: L3751.03/01 | AA47: =IFERROR(VLOOKUP(D:D,[1]Габариты!$A:$I,9,0),"") -> Основной ассортимент | AB47: =IFERROR(VLOOKUP(D:D,[1]Габариты!$A:$D,4,0),"") -> КОМОДЫ | AC47: =D47 -> 3751.03/01 | AD47: =C47 -> СКГТ (ОЗОН)
A48: Комод City New универсальный Дуб Крафт золотой 1402*1083*394 | C48: СКГТ (ОЗОН) | D48: 3751.05/01 | E48: 8 | F48: 03751.05/01 | G48: 4640219951760 | H48: 2521897953336 | K48: 03751.05/01 | L48: 1564154147 | M48: 1564154147 | N48: L3751.05/01 | O48: 1594508901 | P48: 1594508901 | X48: L3751.05/01 | AA48: =IFERROR(VLOOKUP(D:D,[1]Габариты!$A:$I,9,0),"") -> Основной ассортимент | AB48: =IFERROR(VLOOKUP(D:D,[1]Габариты!$A:$D,4,0),"") -> КОМОДЫ | AC48: =D48 -> 3751.05/01 | AD48: =C48 -> СКГТ (ОЗОН)
A49: Комод City New универсальный Дуб Крафт Белый 1402х1083(h)х394 | C49: СКГТ (ОЗОН) | D49: 3751.06/01 | E49: 8 | F49: 03751.06/01 | H49: 4640219951777 | K49: 03751.06/01 | L49: 1841898055 | M49: 1841898055 | N49: L3751.06/01 | O49: 1823229940 | P49: 1823229940 | X49: L3751.06/01 | AA49: =IFERROR(VLOOKUP(D:D,[1]Габариты!$A:$I,9,0),"") -> Основной ассортимент | AB49: =IFERROR(VLOOKUP(D:D,[1]Габариты!$A:$D,4,0),"") -> КОМОДЫ | AC49: =D49 -> 3751.06/01 | AD49: =C49 -> СКГТ (ОЗОН)
A50: Комод City New универсальный Серый Графит 1402*1083*394 | C50: СКГТ (ОЗОН) | D50: 3751.09/01 | E50: 8 | F50: 03751.09/01 | G50: 4640219951722 | H50: 2521897953232 | K50: 03751.09/01 | L50: 1559825686 | M50: 1559825686 | N50: L3751.09/01 | O50: 1485335543 | P50: 1485335543 | X50: L3751.09/01 | AA50: =IFERROR(VLOOKUP(D:D,[1]Габариты!$A:$I,9,0),"") -> Основной ассортимент | AB50: =IFERROR(VLOOKUP(D:D,[1]Габариты!$A:$D,4,0),"") -> КОМОДЫ | AC50: =D50 -> 3751.09/01 | AD50: =C50 -> СКГТ (ОЗОН)
A51: Комод City New универсальный Венге Цаво 1402*1083*394 | C51: СКГТ (ОЗОН) | D51: 3751.11/01 | E51: 8 | F51: 03751.11/01 | H51: 2521897953233 | N51: L3751.11/01 | O51: 1479207035 | P51: 1479207035 | X51: L3751.11/01 | AA51: =IFERROR(VLOOKUP(D:D,[1]Габариты!$A:$I,9,0),"") -> Основной ассортимент | AB51: =IFERROR(VLOOKUP(D:D,[1]Габариты!$A:$D,4,0),"") -> КОМОДЫ | AC51: =D51 -> 3751.11/01 | AD51: =C51 -> СКГТ (ОЗОН)
A52: Комод City New универсальный Черный 1402*1083*394 | C52: СКГТ (ОЗОН) | D52: 3751.12/01 | E52: 8 | F52: 03751.12/01 | G52: 4640219951746 | H52: 2521897953234 | K52: 03751.12/01 | L52: 1841910869 | M52: 1841910869 | N52: L3751.12/01 | O52: 1488243147 | P52: 1488243147 | X52: L3751.12/01 | AA52: =IFERROR(VLOOKUP(D:D,[1]Габариты!$A:$I,9,0),"") -> Основной ассортимент | AB52: =IFERROR(VLOOKUP(D:D,[1]Габариты!$A:$D,4,0),"") -> КОМОДЫ | AC52: =D52 -> 3751.12/01 | AD52: =C52 -> СКГТ (ОЗОН)
A53: Комод City New универсальный Белая гладкая 1402*1083*394 | C53: СКГТ (ОЗОН) | D53: 3751.17/01 | E53: 8 | F53: 03751.17/01 | G53: 4640219951791 | H53: 2521897953570 | K53: 03751.11/01 | L53: 1781379265 | M53: 1781379265 | N53: L3751.17/01 | O53: 1731397255 | P53: 1731397255 | X53: L3751.17/01 | AA53: =IFERROR(VLOOKUP(D:D,[1]Габариты!$A:$I,9,0),"") -> Основной ассортимент | AB53: =IFERROR(VLOOKUP(D:D,[1]Габариты!$A:$D,4,0),"") -> КОМОДЫ | AC53: =D53 -> 3751.17/01 | AD53: =C53 -> СКГТ (ОЗОН)
A54: Комод City New универсальный Цемент темный молет 1402*1083*394 | C54: СКГТ (ОЗОН) | D54: 3751.25/01 | E54: 8 | F54: 03751.25/01 | G54: 4640219956437 | K54: 03751.25/01 | L54: 1525267538 | M54: 1525267538 | AA54: =IFERROR(VLOOKUP(D:D,[1]Габариты!$A:$I,9,0),"") -> Основной ассортимент | AB54: =IFERROR(VLOOKUP(D:D,[1]Габариты!$A:$D,4,0),"") -> КОМОДЫ | AC54: =D54 -> 3751.25/01 | AD54: =C54 -> СКГТ (ОЗОН)
A55: Комод City New универсальный Дуб Сонома/Белая гладкая 1402*1083*394 | C55: СКГТ (ОЗОН) | D55: 3751.03.17/01 | E55: 8 | F55: 03751.03.17/01 | G55: 4640219951661 | H55: 2521897953229 | K55: 03751.03.17/01 | L55: 1781379205 | M55: 1781379205 | N55: L3751.03.17/01 | O55: 1485668640 | P55: 1485668640 | X55: L3751.03.17/01 | AA55: =IFERROR(VLOOKUP(D:D,[1]Габариты!$A:$I,9,0),"") -> Основной ассортимент | AB55: =IFERROR(VLOOKUP(D:D,[1]Габариты!$A:$D,4,0),"") -> КОМОДЫ | AC55: =D55 -> 3751.03.17/01 | AD55: =C55 -> СКГТ (ОЗОН)
A56: Комод City New универсальный Крафт Серый/Серый Графит 1402*1083*394 | C56: СКГТ (ОЗОН) | D56: 3751.04.09/01 | E56: 8 | F56: 03751.04.09/01 | G56: 4640219951784 | H56: 2521897953231 | N56: L3751.04.09/01 | O56: 1485633948 | P56: 1485633948 | X56: L3751.04.09/01 | AA56: =IFERROR(VLOOKUP(D:D,[1]Габариты!$A:$I,9,0),"") -> Основной ассортимент | AB56: =IFERROR(VLOOKUP(D:D,[1]Габариты!$A:$D,4,0),"") -> КОМОДЫ | AC56: =D56 -> 3751.04.09/01 | AD56: =C56 -> СКГТ (ОЗОН)
A57: Комод City универсальный Белое тиснение 1048*675*354 | C57: СКГТ | D57: 3286 | E57: 12 | F57: 3286 | G57: 4660041008807 | H57: 2521897953342 | J57: 5520897927672 | K57: 03286 | L57: 1589718470 | M57: 1589718470 | N57: L3286 | O57: 1603664212 | P57: 1603664212 | X57: L3286 | Y57: 3286 | AA57: =IFERROR(VLOOKUP(D:D,[1]Габариты!$A:$I,9,0),"") -> Основной ассортимент | AB57: =IFERROR(VLOOKUP(D:D,[1]Габариты!$A:$D,4,0),"") -> КОМОДЫ | AC57: =D57 -> 3286 | AD57: =C57 -> СКГТ
A58: Шкаф комод Frame Дуб Вотан, Черный металл 700х910х300 | C58: FBS | D58: MK02221 | E58: 16 | F58: МК.02221 | G58: 4660041005721 | H58: 2521897952565 | K58: МК.02221 | L58: 934045437 | M58: 934045437 | N58: LMK02221 | O58: 578373070 | P58: 578373071 | X58: LMK02221 | Y58: MK02221 | AA58: =IFERROR(VLOOKUP(D:D,[1]Габариты!$A:$I,9,0),"") -> Основной ассортимент | AB58: =IFERROR(VLOOKUP(D:D,[1]Габариты!$A:$D,4,0),"") -> КОМОДЫ | AC58: =D58 -> MK02221 | AD58: =C58 -> FBS
A59: Шкаф комод Frame с дверкой и полками ЛДСП Цемент светл.вельвет, Черн.металл 700*910*300 | C59: FBO | D59: MK1862001 | E59: 21 | F59: МК.186.20.01 | G59: 4640219951289 | H59: 2521897953495 | K59: МК.186.20.01 | L59: 1343007663 | M59: 1343007663 | N59: LMK1862001 | O59: 1758908354 | P59: 1758908354 | X59: LMK1862001 | AA59: =IFERROR(VLOOKUP(D:D,[1]Габариты!$A:$I,9,0),"") -> Вакансия | AB59: =IFERROR(VLOOKUP(D:D,[1]Габариты!$A:$D,4,0),"") -> КОМОДЫ | AC59: =D59 -> MK1862001 | AD59: =C59 -> FBO
A60: Шкаф комод Frame с дверкой и полками ЛДСП Дуб Вотан, Черн.металл | C60: FBO | D60: MK1860101 | E60: 21 | F60: МК.186.01.01 | G60: 2038652533018 | H60: 2521897953494 | K60: МК.186.01.01 | L60: 1198541902 | M60: 1198541908 | N60: LMK1860101 | O60: 1757557627 | P60: 1757557627 | X60: LMK1860101 | AA60: =IFERROR(VLOOKUP(D:D,[1]Габариты!$A:$I,9,0),"") -> Основной ассортимент | AB60: =IFERROR(VLOOKUP(D:D,[1]Габариты!$A:$D,4,0),"") -> КОМОДЫ | AC60: =D60 -> MK1860101 | AD60: =C60 -> FBO
A61: Комод Frame 2 ящика с полками ЛДСП Цемент темный молет, Черн. металл. 754*774*282 | C61: FBO | D61: MK000182501 | E61: 30 | F61: МК.00018.25.01 | G61: 4640219956550 | H61: 2521897953493 | K61: МК.00018.25.01 | L61: 1781379235 | M61: 1781379235 | N61: LMK000182501 | O61: 1759076035 | P61: 1759076035 | X61: LMK000182501 | AA61: =IFERROR(VLOOKUP(D:D,[1]Габариты!$A:$I,9,0),"") -> Основной ассортимент | AB61: =IFERROR(VLOOKUP(D:D,[1]Габариты!$A:$D,4,0),"") -> КОМОДЫ | AC61: =D61 -> MK000182501 | AD61: =C61 -> FBO
A62: Шкаф комод Ультра Push 2х дверный Серый Графит 602*701*290 | C62: FBO | D62: 3890.09/01 | E62: 30 | F62: 03890.09/01 | G62: 4640219952583 | H62: 2521897953330 | J62: 5520897927669 | K62: 03890.09/01 | L62: 1555834148 | M62: 1555834148 | N62: L3890.09/01 | O62: 1580224299 | P62: 1580224299 | X62: L3890.09/01 | Y62: 3890.09/01 | AA62: =IFERROR(VLOOKUP(D:D,[1]Габариты!$A:$I,9,0),"") -> Основной ассортимент | AB62: =IFERROR(VLOOKUP(D:D,[1]Габариты!$A:$D,4,0),"") -> КОМОДЫ | AC62: =D62 -> 3890.09/01 | AD62: =C62 -> FBO
A63: Шкаф комод Ультра Push 2х дверный Белая гладкая 602*701*290 | C63: FBO | D63: 3890.17/01 | E63: 30 | F63: 03890.17/01 | G63: 4640219952576 | H63: 2521897953329 | J63: 5520897927668 | K63: 03890.17/01 | L63: 1559881435 | M63: 1559881435 | N63: L3890.17/01 | O63: 1581643811 | P63: 1581643811 | X63: L3890.17/01 | Y63: 3890.17/01 | AA63: =IFERROR(VLOOKUP(D:D,[1]Габариты!$A:$I,9,0),"") -> Основной ассортимент | AB63: =IFERROR(VLOOKUP(D:D,[1]Габариты!$A:$D,4,0),"") -> КОМОДЫ | AC63: =D63 -> 3890.17/01 | AD63: =C63 -> FBO
A64: Шкаф комод Ультра Push 2х дверный Цемент светлый Вельвет 602*701*290 | C64: FBO | D64: 3890.20/01 | E64: 30 | F64: 03890.20/01 | G64: 4640219952668 | H64: 2521897953331 | J64: 5520897927670 | K64: 03890.20/01 | L64: 1408172785 | M64: 1408172785 | N64: L3890.20/01 | O64: 1581657056 | P64: 1581657056 | X64: L3890.20/01 | Y64: 3890.20/01 | AA64: =IFERROR(VLOOKUP(D:D,[1]Габариты!$A:$I,9,0),"") -> Основной ассортимент | AB64: =IFERROR(VLOOKUP(D:D,[1]Габариты!$A:$D,4,0),"") -> КОМОДЫ | AC64: =D64 -> 3890.20/01 | AD64: =C64 -> FBO
A65: Шкаф комод Николь универс. Белая гладкая 1248*1021*474 | C65: СКГТ (ОЗОН) | D65: 3818.17/01 | E65: 8 | F65: 03818.17/01 | G65: 4640219953405 | H65: 2521897953352 | N65: L3818.17/01 | O65: 1615381247 | P65: 1615381247 | X65: L3818.17/01 | AA65: =IFERROR(VLOOKUP(D:D,[1]Габариты!$A:$I,9,0),"") -> Основной ассортимент | AB65: =IFERROR(VLOOKUP(D:D,[1]Габариты!$A:$D,4,0),"") -> КОМОДЫ | AC65: =D65 -> 3818.17/01 | AD65: =C65 -> СКГТ (ОЗОН)
A66: Шкаф комод Николь гардеробный с ящиками Белая гладкая 866*1021*474 | C66: СКГТ | D66: 3957.17/01 | E66: 12 | F66: 03957.17/01 | H66: 2521897953459 | N66: L3957.17/01 | O66: 1670354499 | P66: 1670354499 | X66: L3957.17/01 | AA66: =IFERROR(VLOOKUP(D:D,[1]Габариты!$A:$I,9,0),"") -> Основной ассортимент | AB66: =IFERROR(VLOOKUP(D:D,[1]Габариты!$A:$D,4,0),"") -> КОМОДЫ | AC66: =D66 -> 3957.17/01 | AD66: =C66 -> СКГТ
A67: Шкаф комод Николь гардеробный с дверкой Белая гладкая 866*1021*474 | C67: СКГТ | D67: 3958.17/01 | E67: 14 | F67: 03958.17/01 | H67: 2521897953460 | N67: L3958.17/01 | O67: 1670383227 | P67: 1670383227 | X67: L3958.17/01 | AA67: =IFERROR(VLOOKUP(D:D,[1]Габариты!$A:$I,9,0),"") -> Основной ассортимент | AB67: =IFERROR(VLOOKUP(D:D,[1]Габариты!$A:$D,4,0),"") -> КОМОДЫ | AC67: =D67 -> 3958.17/01 | AD67: =C67 -> СКГТ
A68: Комод Frame 2 ящика с полками ЛДСП дуб Вотан, Черн. металл. 754*770*282 | C68: FBO | D68: MK00018 | E68: 30 | F68: МК.00018 | G68: 4660041009309 | H68: 2521897953496 | K68: MK00018 | L68: 1383427979 | M68: 1383427979 | N68: LMK00018 | O68: 1759011431 | P68: 1759011431 | X68: LMK00018 | AA68: =IFERROR(VLOOKUP(D:D,[1]Габариты!$A:$I,9,0),"") -> Основной ассортимент | AB68: =IFERROR(VLOOKUP(D:D,[1]Габариты!$A:$D,4,0),"") -> КОМОДЫ | AC68: =D68 -> MK00018 | AD68: =C68 -> FBO
A69: Комод тумба офисная Praga 6 ящиков выкатной Белое тиснение 350х650х400 | C69: FBS | D69: 3201 | E69: 18 | H69: 2521897952487 | I69: 3521897952485 | J69: 5000897952645 | N69: L3201 | O69: 510424629 | P69: 510424628 | Q69: ML3201 | R69: 956486386 | S69: 956486385 | T69: E3201 | U69: 955316413 | V69: 955316413 | W69: 03201 | X69: L3201 | Y69: 3201 | AA69: =IFERROR(VLOOKUP(D:D,[1]Габариты!$A:$I,9,0),"") -> Основной ассортимент | AB69: =IFERROR(VLOOKUP(D:D,[1]Габариты!$A:$D,4,0),"") -> КОМОДЫ | AC69: =D69 -> 3201 | AD69: =C69 -> FBS
A70: Шкаф комод Frame 2х дверный с ящиками ЛДСП Цемент темный молет, Черн. металл. 700х910(h)х300 | C70: FBO | D70: MK1852501 | E70: 18 | F70: МК.185.25.01 | G70: 4640219956512 | K70: МК.185.25.01 | L70: 1835423589 | M70: 1835423589 | AA70: =IFERROR(VLOOKUP(D:D,[1]Габариты!$A:$I,9,0),"") -> Основной ассортимент | AB70: =IFERROR(VLOOKUP(D:D,[1]Габариты!$A:$D,4,0),"") -> КОМОДЫ | AC70: =D70 -> MK1852501 | AD70: =C70 -> FBO
A71: Шкаф комод Frame 2х дверный с ящиками ЛДСП Цемент светл.вельвет,Черн.металл 700х910(h)х300 | C71: FBO | D71: MK1852001 | E71: 18 | F71: МК.185.20.01 | G71: 4640219951272 | H71: 4640219951272 | K71: МК.185.20.01 | L71: 1349801164 | M71: 1349801164 | N71: LMK1852001 | X71: LMK1852001 | AA71: =IFERROR(VLOOKUP(D:D,[1]Габариты!$A:$I,9,0),"") -> Основной ассортимент | AB71: =IFERROR(VLOOKUP(D:D,[1]Габариты!$A:$D,4,0),"") -> КОМОДЫ | AC71: =D71 -> MK1852001 | AD71: =C71 -> FBO
A72: Шкаф комод Frame 4х двер. ЛДСП Дуб Вотан. Черн. метал | C72: FBO | D72: MK1830101 | E72: 18 | F72: МК.183.01.01 | G72: 4660041007831 | H72: 4660041007831 | K72: МК.183.01.01 | L72: 1320895604 | M72: 1320895604 | N72: LMK1830101 | X72: LMK1830101 | AA72: =IFERROR(VLOOKUP(D:D,[1]Габариты!$A:$I,9,0),"") -> Основной ассортимент | AB72: =IFERROR(VLOOKUP(D:D,[1]Габариты!$A:$D,4,0),"") -> КОМОДЫ | AC72: =D72 -> MK1830101 | AD72: =C72 -> FBO
A73: Шкаф комод Frame 2х дверный с ящиками ЛДСП Дуб Вотан, Черн.металл | C73: FBO | D73: MK1850101 | E73: 18 | F73: МК.185.01.01 | G73: 4660041007848 | H73: 4660041007848 | K73: МК.185.01.01 | L73: 1417037199 | M73: 1417037199 | N73: LMK1850101 | O73: 1911985606 | P73: 1911985606 | X73: LMK1850101 | AA73: =IFERROR(VLOOKUP(D:D,[1]Габариты!$A:$I,9,0),"") -> Основной ассортимент | AB73: =IFERROR(VLOOKUP(D:D,[1]Габариты!$A:$D,4,0),"") -> КОМОДЫ | AC73: =D73 -> MK1850101 | AD73: =C73 -> FBO
A74: Комод Neoletta 4 ящика (570х755х352) Белое Тиснение | C74: FBO | D74: 4030 | E74: 21 | H74: 2521897952999 | I74: 3521897952900 | J74: 5520897927503 | N74: L4030 | O74: 1042767739 | P74: 1042767740 | Q74: ML4030 | R74: 1052799655 | S74: 1052799656 | T74: E4030 | U74: 1052812430 | V74: 1052812430 | X74: L4030 | Y74: 4030 | AA74: =IFERROR(VLOOKUP(D:D,[1]Габариты!$A:$I,9,0),"") -> Основной ассортимент | AB74: =IFERROR(VLOOKUP(D:D,[1]Габариты!$A:$D,4,0),"") -> КОМОДЫ | AC74: =D74 -> 4030 | AD74: =C74 -> FBO
A75: Комод Веста Lite Крафт белый 782х599х294 | C75: FBO | D75: 4117 | E75: 24 | H75: 2521897952985 | N75: L4117 | O75: 2229205146 | P75: 2229205146 | X75: L4117 | AA75: =IFERROR(VLOOKUP(D:D,[1]Габариты!$A:$I,9,0),"") -> Основной ассортимент | AB75: =IFERROR(VLOOKUP(D:D,[1]Габариты!$A:$D,4,0),"") -> КОМОДЫ | AC75: =D75 -> 4117 | AD75: =C75 -> FBO
A76: Комод Веста Lite Черный 782х599х294 | C76: FBO | D76: 41142 | E76: 24 | H76: 2521897953184 | N76: L41142 | O76: 2229242415 | P76: 2229242415 | X76: L41142 | AA76: =IFERROR(VLOOKUP(D:D,[1]Габариты!$A:$I,9,0),"") -> Основной ассортимент | AB76: =IFERROR(VLOOKUP(D:D,[1]Габариты!$A:$D,4,0),"") -> КОМОДЫ | AC76: =D76 -> 41142 | AD76: =C76 -> FBO
A77: Комод Веста Lite Цемент светлый молет 599х782(h)х298 | C77: FBO | D77: 41149 | E77: 24 | H77: 4620263153037 | X77: L41149 | AA77: =IFERROR(VLOOKUP(D:D,[1]Габариты!$A:$I,9,0),"") -> Основной ассортимент | AB77: =IFERROR(VLOOKUP(D:D,[1]Габариты!$A:$D,4,0),"") -> КОМОДЫ | AC77: =D77 -> 41149 | AD77: =C77 -> FBO
A78: Комод Веста Lite Бетон 782х599х294 | C78: FBO | D78: 4115 | E78: 24 | H78: 2521897952983 | N78: L4115 | O78: 2229259090 | P78: 2229259090 | AA78: =IFERROR(VLOOKUP(D:D,[1]Габариты!$A:$I,9,0),"") -> Основной ассортимент | AB78: =IFERROR(VLOOKUP(D:D,[1]Габариты!$A:$D,4,0),"") -> КОМОДЫ | AC78: =D78 -> 4115 | AD78: =C78 -> FBO
A79: Комод Ультра (0,750х0,729х0,330) БЕЛЫЙ ТЕКСТУРА | C79: FBO | D79: 135531 | E79: 18 | F79: 135531 | H79: 2520897927299 | I79: 3520897927299 | J79: 5000897952518 | N79: L135531 | O79: 367952063 | P79: 367952061 | Q79: ML135531 | R79: 367873215 | S79: 367873216 | T79: E135531 | U79: 893742331 | V79: 893742331 | W79: 0135531 | X79: L135531 | Y79: 135531 | AA79: =IFERROR(VLOOKUP(D:D,[1]Габариты!$A:$I,9,0),"") -> Основной ассортимент | AB79: =IFERROR(VLOOKUP(D:D,[1]Габариты!$A:$D,4,0),"") -> КОМОДЫ | AC79: =D79 -> 135531 | AD79: =C79 -> FBO
A80: Комод Ультра (0,750х0,729х0,330) ДУБ СОНОМА | C80: FBO | D80: 135532 | E80: 18 | F80: 135532 | H80: 2520897927300 | I80: 3521897952524 | J80: 5000897952519 | N80: L135532 | O80: 393355176 | P80: 393355175 | Q80: ML135532 | R80: 837909224 | S80: 837909225 | T80: E135532 | U80: 892425461 | V80: 892425461 | W80: 0135532 | X80: L135532 | Y80: 135532 | AA80: =IFERROR(VLOOKUP(D:D,[1]Габариты!$A:$I,9,0),"") -> Основной ассортимент | AB80: =IFERROR(VLOOKUP(D:D,[1]Габариты!$A:$D,4,0),"") -> КОМОДЫ | AC80: =D80 -> 135532 | AD80: =C80 -> FBO
A81: Комод Ультра (0,750х0,729х0,330) ВЕНГЕ | C81: FBO | D81: 135533 | E81: 18 | F81: 135533 | H81: 2520897927301 | I81: 3521897952525 | J81: 5000897952520 | N81: L135533 | O81: 390866095 | P81: 390866096 | Q81: ML135533 | R81: 837911995 | S81: 837911995 | T81: E135533 | U81: 893559687 | V81: 893559687 | W81: 0135533 | X81: L135533 | Y81: 135533 | AA81: =IFERROR(VLOOKUP(D:D,[1]Габариты!$A:$I,9,0),"") -> Основной ассортимент | AB81: =IFERROR(VLOOKUP(D:D,[1]Габариты!$A:$D,4,0),"") -> КОМОДЫ | AC81: =D81 -> 135533 | AD81: =C81 -> FBO
A82: Комод Ультра (0,750х0,729х0,330) ВЕНГЕ/ДУБ БЕЛФОРД | C82: FBO | D82: 135534 | E82: 18 | F82: 135534 | H82: 2521897952411 | I82: 3521897952526 | J82: 5000897952521 | N82: L135534 | O82: 468978456 | P82: 468978457 | Q82: ML135534 | R82: 837915571 | S82: 837915569 | T82: E135534 | U82: 893548725 | V82: 893548725 | W82: 0135534 | X82: L135534 | Y82: 135534 | AA82: =IFERROR(VLOOKUP(D:D,[1]Габариты!$A:$I,9,0),"") -> Основной ассортимент | AB82: =IFERROR(VLOOKUP(D:D,[1]Габариты!$A:$D,4,0),"") -> КОМОДЫ | AC82: =D82 -> 135534 | AD82: =C82 -> FBO
A83: Комод Ультра (0,750х0,729х0,330) БЕЛОЕ ТИСНЕНИЕ/ДУБ СОНОМА | C83: FBO | D83: 135535 | E83: 18 | F83: 135535 | H83: 2521897952412 | I83: 3521897952527 | J83: 5000897952522 | N83: L135535 | O83: 468978890 | P83: 468978889 | Q83: ML135535 | R83: 837922380 | S83: 837922381 | T83: E135535 | U83: 893664096 | V83: 893664096 | W83: 0135535 | X83: L135535 | AA83: =IFERROR(VLOOKUP(D:D,[1]Габариты!$A:$I,9,0),"") -> Основной ассортимент | AB83: =IFERROR(VLOOKUP(D:D,[1]Габариты!$A:$D,4,0),"") -> КОМОДЫ | AC83: =D83 -> 135535 | AD83: =C83 -> FBO
A84: Комод Ультра (0,750х0,729х0,330) Крафт Белый (серия 2) | C84: FBO | D84: 135542 | E84: 19 | H84: 2521897952844 | I84: 3521897952594 | J84: 5000897952523 | N84: L135542 | O84: 828650163 | P84: 828650164 | Q84: ML135542 | R84: 956486347 | S84: 956486351 | T84: E135542 | U84: 893573034 | V84: 893573034 | X84: L135542 | Y84: 135542 | AA84: =IFERROR(VLOOKUP(D:D,[1]Габариты!$A:$I,9,0),"") -> Основной ассортимент | AB84: =IFERROR(VLOOKUP(D:D,[1]Габариты!$A:$D,4,0),"") -> КОМОДЫ | AC84: =D84 -> 135542 | AD84: =C84 -> FBO
A85: Комод Ультра (0,750х0,729х0,330) Крафт золотой (серия 2) | C85: FBO | D85: 135543 | E85: 19 | F85: 135543 | H85: 2521897952845 | I85: 3521897952595 | J85: 2039611752525 | N85: L135543 | O85: 828661741 | P85: 828661742 | Q85: ML135543 | R85: 956487183 | S85: 956487184 | T85: E135543 | U85: 893757003 | V85: 893757003 | X85: L135543 | Y85: 135543 | AA85: =IFERROR(VLOOKUP(D:D,[1]Габариты!$A:$I,9,0),"") -> Основной ассортимент | AB85: =IFERROR(VLOOKUP(D:D,[1]Габариты!$A:$D,4,0),"") -> КОМОДЫ | AC85: =D85 -> 135543 | AD85: =C85 -> FBO
A86: Комод Ультра (0,750х0,729х0,330) Бетон (серия 2) | C86: FBO | D86: 1355340 | E86: 19 | F86: 1355340 | H86: 2521897952952 | J86: 5520897927464 | N86: L1355340 | O86: 964193875 | P86: 964193874 | T86: E1355340 | U86: 987549907 | V86: 987549907 | X86: L1355340 | Y86: 1355340 | AA86: =IFERROR(VLOOKUP(D:D,[1]Габариты!$A:$I,9,0),"") -> Основной ассортимент | AB86: =IFERROR(VLOOKUP(D:D,[1]Габариты!$A:$D,4,0),"") -> КОМОДЫ | AC86: =D86 -> 1355340 | AD86: =C86 -> FBO
A87: Комод Ультра (0,75*0,729*0,33) Бетон/Белое тиснение (серия 2) | C87: FBO | D87: 1355341 | E87: 19 | H87: 2521897952953 | J87: 5520897927463 | N87: L1355341 | O87: 964186881 | P87: 964186880 | T87: E1355341 | U87: 1029403895 | V87: 1029403895 | X87: L1355341 | Y87: 1355341 | AA87: =IFERROR(VLOOKUP(D:D,[1]Габариты!$A:$I,9,0),"") -> Основной ассортимент | AB87: =IFERROR(VLOOKUP(D:D,[1]Габариты!$A:$D,4,0),"") -> КОМОДЫ | AC87: =D87 -> 1355341 | AD87: =C87 -> FBO
A88: Комод Ультра Серия 2 Дуб крафт табачный | C88: FBO | D88: 1355342 | E88: 19 | F88: 1355342 | H88: 2521897953101 | N88: L1355342 | O88: 1101016640 | P88: 1101016639 | X88: L1355342 | AA88: =IFERROR(VLOOKUP(D:D,[1]Габариты!$A:$I,9,0),"") -> Основной ассортимент | AB88: =IFERROR(VLOOKUP(D:D,[1]Габариты!$A:$D,4,0),"") -> КОМОДЫ | AC88: =D88 -> 1355342 | AD88: =C88 -> FBO
A89: Комод Ультра Серия 2 Крафт серый/Графит | C89: FBO | D89: 1355343 | E89: 19 | F89: 1355343 | H89: 2521897953102 | I89: 3521897952926 | J89: 5520897927533 | N89: L1355343 | O89: 1128913231 | P89: 1128913229 | Q89: ML1355343 | R89: 1136433757 | S89: 1136433755 | T89: E1355343 | U89: 1176410673 | V89: 1176410673 | X89: L1355343 | AA89: =IFERROR(VLOOKUP(D:D,[1]Габариты!$A:$I,9,0),"") -> Основной ассортимент | AB89: =IFERROR(VLOOKUP(D:D,[1]Габариты!$A:$D,4,0),"") -> КОМОДЫ | AC89: =D89 -> 1355343 | AD89: =C89 -> FBO
A90: Комод Ультра Серия 2 Графит | C90: FBO | D90: 1355345 | E90: 19 | F90: 1355345 | H90: 2521897953104 | N90: L1355345 | O90: 1190633195 | P90: 1190633190 | X90: L1355345 | AA90: =IFERROR(VLOOKUP(D:D,[1]Габариты!$A:$I,9,0),"") -> Основной ассортимент | AB90: =IFERROR(VLOOKUP(D:D,[1]Габариты!$A:$D,4,0),"") -> КОМОДЫ | AC90: =D90 -> 1355345 | AD90: =C90 -> FBO
A91: Комод Malta Plus Бетон 750х719х392 | C91: FBO | D91: 1355350 | E91: 18 | H91: 2521897952950 | J91: 5000897952545 | N91: L1355350 | O91: 853089254 | P91: 853089255 | Q91: ML1355350 | R91: 956486408 | S91: 956486407 | T91: E1355350 | U91: 955316388 | V91: 955316388 | X91: L1355350 | Y91: 1355350 | AA91: =IFERROR(VLOOKUP(D:D,[1]Габариты!$A:$I,9,0),"") -> Основной ассортимент | AB91: =IFERROR(VLOOKUP(D:D,[1]Габариты!$A:$D,4,0),"") -> КОМОДЫ | AC91: =D91 -> 1355350 | AD91: =C91 -> FBO
A92: Комод Malta Plus Крафт белый 750х719х392 | C92: FBO | D92: 1355360 | E92: 18 | H92: 2521897952762 | I92: 3521897952588 | J92: 5000897952541 | N92: L1355360 | O92: 781984709 | P92: 781984708 | Q92: ML1355360 | R92: 956487066 | S92: 956487065 | T92: E1355360 | U92: 955317363 | V92: 955317363 | X92: L1355360 | Y92: 1355360 | AA92: =IFERROR(VLOOKUP(D:D,[1]Габариты!$A:$I,9,0),"") -> Основной ассортимент | AB92: =IFERROR(VLOOKUP(D:D,[1]Габариты!$A:$D,4,0),"") -> КОМОДЫ | AC92: =D92 -> 1355360 | AD92: =C92 -> FBO
A93: Комод Malta Plus Дуб сонома 750х719х392 | C93: FBO | D93: 1355370 | E93: 18 | H93: 2521897952763 | I93: 3521897952587 | J93: 5000897952543 | N93: L1355370 | O93: 727861330 | P93: 727861329 | Q93: ML1355370 | R93: 956486645 | S93: 956486647 | T93: E1355370 | U93: 951091263 | V93: 951091263 | X93: L1355370(1) | Y93: 1355370 | AA93: =IFERROR(VLOOKUP(D:D,[1]Габариты!$A:$I,9,0),"") -> Основной ассортимент | AB93: =IFERROR(VLOOKUP(D:D,[1]Габариты!$A:$D,4,0),"") -> КОМОДЫ | AC93: =D93 -> 1355370 | AD93: =C93 -> FBO
A94: Комод Malta Plus Венге 750х719х392 | C94: FBO | D94: 1355380 | E94: 18 | H94: 2521897952764 | I94: 3521897952586 | J94: 5000897952544 | N94: L1355380 | O94: 727863126 | P94: 727863125 | Q94: ML1355380 | R94: 956486632 | S94: 956486633 | T94: E1355380 | U94: 951032722 | V94: 951032722 | X94: L1355380 | Y94: 1355380 | AA94: =IFERROR(VLOOKUP(D:D,[1]Габариты!$A:$I,9,0),"") -> Основной ассортимент | AB94: =IFERROR(VLOOKUP(D:D,[1]Габариты!$A:$D,4,0),"") -> КОМОДЫ | AC94: =D94 -> 1355380 | AD94: =C94 -> FBO
A95: Комод Malta Plus Белое тиснение 750х719х392 | C95: FBO | D95: 1355390 | E95: 18 | H95: 2521897952766 | I95: 3521897952585 | J95: 5000897952525 | N95: L1355390 | O95: 727857581 | P95: 727857582 | Q95: ML1355390 | R95: 956487008 | S95: 956487013 | T95: E1355390 | U95: 895220048 | V95: 895220048 | X95: L1355390 | Y95: 1355390 | AA95: =IFERROR(VLOOKUP(D:D,[1]Габариты!$A:$I,9,0),"") -> Основной ассортимент | AB95: =IFERROR(VLOOKUP(D:D,[1]Габариты!$A:$D,4,0),"") -> КОМОДЫ | AC95: =D95 -> 1355390 | AD95: =C95 -> FBO
A96: Комод Malta Plus Венге/Дуб белфорт 750х719х392 | C96: FBO | D96: 1355361 | E96: 18 | H96: 2521897953105 | N96: L1355361 | O96: 1177387203 | P96: 1177387210 | X96: L1355361 | AA96: =IFERROR(VLOOKUP(D:D,[1]Габариты!$A:$I,9,0),"") -> Основной ассортимент | AB96: =IFERROR(VLOOKUP(D:D,[1]Габариты!$A:$D,4,0),"") -> КОМОДЫ | AC96: =D96 -> 1355361 | AD96: =C96 -> FBO
A97: Комод Мальта Plus Бетон/белое тиснение | C97: FBO | D97: 1355391 | E97: 18 | H97: 2521897953058 | I97: 3521897952895 | J97: 5520897927498 | N97: L1355391 | O97: 1040266340 | P97: 1040266341 | Q97: ML1355391 | R97: 1042416738 | S97: 1042416739 | X97: L1355391 | Y97: 1355391 | AA97: =IFERROR(VLOOKUP(D:D,[1]Габариты!$A:$I,9,0),"") -> Основной ассортимент | AB97: =IFERROR(VLOOKUP(D:D,[1]Габариты!$A:$D,4,0),"") -> КОМОДЫ | AC97: =D97 -> 1355391 | AD97: =C97 -> FBO
A98: Комод Мальта Plus Дуб сонома/белое тиснение | C98: FBO | D98: 1355392 | E98: 18 | H98: 2521897953059 | I98: 3521897952896 | J98: 5520897927499 | N98: L1355392 | O98: 1042324744 | P98: 1042324745 | Q98: ML1355392 | R98: 1042410341 | S98: 1042410340 | X98: L1355392 | Y98: 1355392 | AA98: =IFERROR(VLOOKUP(D:D,[1]Габариты!$A:$I,9,0),"") -> Основной ассортимент | AB98: =IFERROR(VLOOKUP(D:D,[1]Габариты!$A:$D,4,0),"") -> КОМОДЫ | AC98: =D98 -> 1355392 | AD98: =C98 -> FBO
A99: Комод Malta Plus Черный 750х719х392 | C99: FBO | D99: 1355394 | E99: 18 | H99: 2521897953164 | N99: L1355394 | O99: 1177550639 | P99: 1177550636 | X99: L1355394 | Y99: 1355394 | AA99: =IFERROR(VLOOKUP(D:D,[1]Габариты!$A:$I,9,0),"") -> Основной ассортимент | AB99: =IFERROR(VLOOKUP(D:D,[1]Габариты!$A:$D,4,0),"") -> КОМОДЫ | AC99: =D99 -> 1355394 | AD99: =C99 -> FBO
A100: Комод Malta Plus Графит 750х719х392 | C100: FBO | D100: 1355395 | E100: 18 | H100: 2521897953177 | I100: 3521897952946 | J100: 5520897927556 | N100: L1355395 | O100: 1252457287 | P100: 1252457287 | Q100: ML1355395 | R100: 1252460439 | S100: 1252460439 | T100: E1355395 | U100: 1252465439 | V100: 1252465439 | X100: L1355395 | Y100: 1355395 | AA100: =IFERROR(VLOOKUP(D:D,[1]Габариты!$A:$I,9,0),"") -> Основной ассортимент | AB100: =IFERROR(VLOOKUP(D:D,[1]Габариты!$A:$D,4,0),"") -> КОМОДЫ | AC100: =D100 -> 1355395 | AD100: =C100 -> FBO
...
